req_id,title,text,type,subsystem,priority,verification_method,status,parent_req,source
MR-001,Science Objective — Volatile Detection,"LPAS shall detect and characterize volatile species (H2O, CO2, CH4, SO2) in lunar south pole PSR regolith to a depth of 1 m.",Functional,Mission,1,Test,Allocated,,NASA SLS-10439 Science Requirements
MR-002,Science Objective — Regolith Sampling,"LPAS shall collect and analyze regolith samples from PSR terrain at a minimum of 3 distinct locations within the primary landing ellipse.",Functional,Mission,1,Test,Allocated,,NASA SLS-10439 Science Requirements
MR-003,Mission Duration,"LPAS shall operate continuously for a minimum of 14 Earth days from first surface contact.",Performance,Mission,1,Test,Allocated,,NASA HEOMD Mission Manifest Rev 3
MR-004,Landing Site,"LPAS shall be capable of operating within 5 km of Shackleton crater rim (89.9°S 0°E) in permanently shadowed and partially illuminated terrain.",Constraint,Mission,1,Analysis,Allocated,,NASA HEOMD Mission Manifest Rev 3
MR-005,Traverse Distance,"LPAS shall traverse a cumulative distance of not less than 500 m during the primary mission phase.",Performance,Mission,1,Test,Allocated,,NASA SLS-10439 Science Requirements
MR-006,Data Volume,"LPAS shall return a minimum of 2 Gb of science and engineering data to Earth via LRO relay during the primary mission.",Performance,Mission,1,Analysis,Allocated,,NASA SLS-10439 Science Requirements
MR-007,Science Temporal Coverage,"LPAS should acquire science measurements during at least 2 separate PSR ingress events separated by not less than 72 h.",Performance,Mission,2,Analysis,Allocated,,NASA SLS-10439 Science Requirements
MR-008,Hazard Avoidance,"LPAS shall not contact rocks larger than 20 cm diameter or enter slopes exceeding 15° during autonomous traverse.",Functional,Mission,1,Demonstration,Allocated,,NASA JPL Autonomy Standards Rev 2
MR-009,Mission Cost Constraint,"LPAS total mission cost shall not exceed $180M FY2025 USD at 70% confidence.",Constraint,Mission,1,Inspection,Allocated,,NASA HEOMD Mission Manifest Rev 3
MR-010,Launch Vehicle Compatibility,"LPAS integrated system (rover + lander interface) shall be compatible with Falcon 9 rideshare envelope and load environments.",Constraint,Mission,1,Analysis,Allocated,,SpaceX Rideshare User's Guide Rev 3.0
SR-001,Total System Mass,"LPAS rover dry mass shall not exceed 42 kg at CDR including all subsystems with 15% CBE margin maintained.",Performance,System,1,Inspection,Allocated,MR-010,LPAS-MECH-ICD-001
SR-002,Deployed Envelope,"LPAS rover deployed envelope shall not exceed 2.0 m × 1.5 m × 1.2 m (L×W×H) in operational configuration.",Constraint,System,1,Inspection,Allocated,MR-010,LPAS-MECH-ICD-001
SR-003,Stowed Envelope,"LPAS rover stowed envelope shall not exceed 0.9 m × 0.8 m × 0.6 m for lander integration.",Constraint,System,1,Inspection,Allocated,MR-010,SpaceX Rideshare User's Guide Rev 3.0
SR-004,Average Power — Science Mode,"LPAS shall sustain science operations at an average power consumption not exceeding 67 W CBE from the solar array and battery system.",Performance,System,1,Test,Allocated,MR-003,LPAS-ELEC-ICD-001
SR-005,Average Power — Traverse Mode,"LPAS shall traverse at an average power consumption not exceeding 40 W CBE.",Performance,System,1,Test,Allocated,MR-003,LPAS-ELEC-ICD-001
SR-006,Eclipse Survival Power,"LPAS shall survive eclipse periods up to 2.88 h duration at a heater-only power draw not exceeding 52 W from battery.",Performance,System,1,Analysis,Allocated,MR-003,LPAS-THERM-001
SR-007,Command Uplink Rate,"LPAS shall accept ground commands at a minimum uplink rate of 2 kbps via LRO UHF relay.",Performance,System,1,Test,Allocated,MR-006,LPAS-COMMS-ICD-001
SR-008,Telemetry Downlink Rate,"LPAS shall downlink engineering and science telemetry at a minimum of 256 kbps during LRO contact windows.",Performance,System,1,Test,Allocated,MR-006,LPAS-COMMS-ICD-001
SR-009,Autonomous Operation Duration,"LPAS shall operate fully autonomously (no ground commands required) for a minimum of 24 h while maintaining safe state.",Performance,System,1,Demonstration,Allocated,MR-008,NASA JPL Autonomy Standards Rev 2
SR-010,Software Update Capability,"LPAS flight software shall support in-flight parameter table updates and non-critical patch uploads via uplink.",Functional,System,1,Test,Allocated,,LPAS-SFW-ICD-001
SR-011,Fault Detection Recovery,"LPAS FDIR system shall detect any single-point fault within 10 s and transition to safe mode within 30 s.",Performance,System,1,Test,Allocated,MR-008,NASA-SP-6105
SR-012,Radiation Tolerance,"LPAS electronics shall withstand a total ionizing dose of 20 krad (Si) with no performance degradation, and 100 krad with no loss of function.",Performance,System,1,Analysis,Allocated,,NASA-HDBK-4002A
SR-013,Thermal Survival,"LPAS shall survive non-operating storage at internal temperatures between −40 °C and +70 °C.",Performance,System,1,Test,Allocated,MR-004,LPAS-THERM-001
SR-014,Vibration Qualification,"LPAS shall withstand launch vibration loads per Falcon 9 vibration environment (20–2000 Hz, 0.04 g²/Hz plateau) with no structural failure.",Constraint,System,1,Test,Allocated,MR-010,SpaceX Rideshare User's Guide Rev 3.0
SR-015,Shock Qualification,"LPAS shall withstand landing shock up to 50 g, 11 ms half-sine pulse without loss of function.",Constraint,System,1,Test,Allocated,MR-010,LPAS-STRUCT-ICD-001
SR-016,Electromagnetic Compatibility,"LPAS shall comply with NASA-STD-4005 for radiated and conducted emissions to prevent self-interference between subsystems.",Constraint,System,1,Test,Allocated,,NASA-STD-4005
SR-017,Contamination Control,"LPAS volatile-sensitive surfaces and science instruments shall be maintained at cleanliness level 500A (MIL-STD-1246C) prior to launch.",Constraint,System,1,Inspection,Allocated,MR-001,MIL-STD-1246C
SR-018,Lander Interface — Mechanical,"LPAS shall interface with the lander via 4-point kinematic mount with 50 mm bolt circle diameter using M12 stainless fasteners.",Interface,System,1,Inspection,Allocated,MR-010,LPAS-MECH-ICD-001
SR-019,Lander Interface — Electrical,"LPAS shall accept 28 VDC ± 4 V from lander umbilical during pre-deployment checkout, minimum 10 A.",Interface,System,1,Test,Allocated,,LPAS-ELEC-ICD-001
SR-020,Software Architecture,"LPAS flight software shall be implemented as ROS2 Humble lifecycle nodes on a POSIX-compliant RTOS; all inter-node communication via ROS2 topics and services using defined QoS profiles.",Design,System,1,Inspection,Allocated,,LPAS-SFW-ICD-001
MOB-001,Maximum Traverse Speed,"The mobility system shall achieve a maximum traverse speed of 0.5 m/s on slopes ≤ 5° in nominal regolith.",Performance,Mobility,1,Test,Derived,SR-005,LPAS-MECH-ICD-001
MOB-002,Obstacle Clearance Height,"The mobility system shall traverse obstacles up to 15 cm in height without wheel slip or chassis contact.",Performance,Mobility,1,Test,Derived,MR-008,LPAS-MECH-ICD-001
MOB-003,Maximum Traversable Slope,"The mobility system shall operate on slopes up to 15° without loss of traction under lunar gravitational acceleration (1.625 m/s²).",Performance,Mobility,1,Test,Derived,MR-008,LPAS-MECH-ICD-001
MOB-004,Wheel Diameter,"Each wheel shall have a diameter of not less than 250 mm to provide adequate ground clearance of 120 mm.",Design,Mobility,1,Inspection,Derived,MOB-002,LPAS-MECH-ICD-001
MOB-005,Wheel Count and Configuration,"The mobility system shall employ 4 wheels in a rocker-bogie or equivalent passive articulation configuration providing continuous contact on uneven terrain.",Design,Mobility,1,Inspection,Derived,MOB-003,LPAS-MECH-ICD-001
MOB-006,Turning Radius,"The mobility system shall achieve a turning radius of ≤ 0.8 m through differential steering or active steering on at least the front axle.",Performance,Mobility,1,Test,Derived,SR-009,LPAS-MECH-ICD-001
MOB-007,Drive Motor Torque,"Each drive motor shall provide a minimum stall torque of 4 N·m at the wheel shaft under 28 VDC nominal supply.",Performance,Mobility,1,Test,Derived,MOB-003,LPAS-MECH-ICD-001
MOB-008,Wheel Motor Redundancy,"Each wheel shall have a redundant motor driver circuit enabling switch-over within 50 ms on primary driver failure.",Design,Mobility,1,Test,Derived,SR-011,LPAS-FMEA-001
MOB-009,Wheel Slip Estimation,"The wheel slip prediction system shall estimate slip ratio with accuracy of ±0.05 at 95% confidence on regolith simulant (JSC-1A).",Performance,Mobility,1,Test,Derived,MR-008,LPAS-MECH-ICD-001
MOB-010,Cold-Temperature Operation,"All mobility actuators shall operate after cold-soak at −120 °C without pre-conditioning other than electrical activation.",Performance,Mobility,1,Test,Derived,SR-013,LPAS-THERM-001
PWR-001,Solar Array Power Output,"The solar array shall produce a minimum of 80 W at beginning-of-life at a solar flux of 47.5 W/m² (south pole, max elevation 2°), panel temperature 0 °C.",Performance,Power,1,Test,Derived,SR-004,LPAS-ELEC-ICD-001
PWR-002,Battery Capacity,"The battery shall provide a minimum usable energy of 432 Wh (80% depth of discharge from 540 Wh nameplate) at −20 °C.",Performance,Power,1,Test,Derived,SR-006,LPAS-ELEC-ICD-001
PWR-003,Battery Cycle Life,"The battery shall demonstrate > 200 full charge/discharge cycles at 100% depth of discharge with < 20% capacity fade.",Performance,Power,1,Test,Derived,MR-003,LPAS-ELEC-ICD-001
PWR-004,Main Bus Voltage,"The regulated main bus voltage shall be 28 VDC ± 2 V under all load conditions.",Performance,Power,1,Test,Derived,SR-004,LPAS-ELEC-ICD-001
PWR-005,Overcurrent Protection,"The PDU shall provide individual channel overcurrent protection for each load with trip time < 5 ms at 2× rated current.",Performance,Power,1,Test,Derived,SR-011,LPAS-FMEA-001
PWR-006,Power Budget Margin,"Total system power consumption shall not exceed 85% of available power in any operational mode, maintaining 15% margin.",Performance,Power,1,Analysis,Derived,SR-004,LPAS-ELEC-ICD-001
PWR-007,Battery Charge Temperature Limit,"Battery charging shall be inhibited by hardware interlock when battery temperature is below −20 °C.",Design,Power,1,Test,Derived,SR-013,LPAS-THERM-001
PWR-008,RTG Prohibition,"The LPAS power system shall not incorporate radioisotope thermoelectric generators (RTGs) or radioisotope heater units (RHUs) of any type.",Constraint,Power,1,Inspection,Derived,,Mission Constraint — No RTG
THM-001,Electronics Bay Operating Limit,"The electronics bay internal temperature shall be maintained between −20 °C and +60 °C during all operational modes.",Performance,Thermal,1,Test,Derived,SR-013,LPAS-THERM-001
THM-002,Battery Temperature Limit,"The battery temperature shall not fall below −20 °C during charging operations or −30 °C during discharge operations.",Performance,Thermal,1,Test,Derived,PWR-007,LPAS-THERM-001
THM-003,Radiator Thermal Rejection,"The radiator shall reject a minimum of 60 W at a maximum electronics temperature of 65 °C and PSR ambient boundary condition.",Performance,Thermal,1,Analysis,Derived,SR-004,LPAS-THERM-001
THM-004,MLI Effective Emissivity,"All MLI blankets installed on thermally controlled zones shall achieve an effective emissivity ε_eff ≤ 0.05.",Performance,Thermal,1,Test,Derived,SR-013,LPAS-THERM-001
THM-005,Heater Autonomy,"The thermal control system shall autonomously maintain all zones above survival limits for the 2.88 h eclipse dwell duration with no ground commanding.",Performance,Thermal,1,Test,Derived,SR-006,LPAS-THERM-001
COM-001,LRO UHF Uplink Frequency,"The LPAS UHF transceiver shall operate at 437.550 MHz (±5 kHz Doppler window) for LRO relay uplink/downlink.",Design,Comms,1,Test,Derived,SR-007,LPAS-COMMS-ICD-001
COM-002,Link Margin,"The LPAS-to-LRO UHF link shall maintain a minimum 3 dB link margin at maximum range (200 km slant range) at LRO elevation ≥ 5°.",Performance,Comms,1,Analysis,Derived,SR-008,LPAS-COMMS-ICD-001
COM-003,Antenna Coverage,"The primary UHF antenna shall provide hemispherical coverage for elevation angles ≥ 5° with gain ≥ −2 dBi.",Performance,Comms,1,Test,Derived,COM-002,LPAS-COMMS-ICD-001
COM-004,Backup LGA,"A fixed low-gain backup antenna shall provide ≥ 0 dBi gain across the upper hemisphere as a single-fault-tolerant backup to the primary gimbal antenna.",Design,Comms,1,Test,Derived,SR-011,LPAS-FMEA-001
COM-005,Contact Window Scheduling,"The autonomy software shall pre-compute LRO contact windows for the next 48 h and schedule science downlink transmissions to coincide with pass opportunities.",Functional,Comms,1,Demonstration,Derived,SR-009,LPAS-SFW-ICD-001
COM-006,Data Compression,"Science image data shall be losslessly or near-losslessly (PSNR ≥ 45 dB) compressed using CCSDS 122.0-B-2 prior to transmission.",Performance,Comms,1,Test,Derived,SR-008,LPAS-COMMS-ICD-001
COM-007,Stored Command Autonomy,"LPAS shall execute pre-stored command sequences for up to 24 h in the absence of ground contact, defaulting to safe-mode traverse if no new commands received.",Functional,Comms,1,Demonstration,Derived,SR-009,LPAS-SFW-ICD-001
COM-008,Earth Direct Visibility,"The LPAS comms design shall explicitly account for the geometric constraint that Earth is permanently below the horizon at the lunar south pole; no direct DSN link shall be baselined.",Constraint,Comms,1,Analysis,Derived,MR-004,LPAS-COMMS-ICD-001
SFW-001,Operating System,"All flight software shall run on ROS2 Humble (LTS) on Ubuntu 22.04 LTS or equivalent RTOS with POSIX compliance.",Design,Software,1,Inspection,Derived,SR-020,LPAS-SFW-ICD-001
SFW-002,AI Model Format,"All inference models deployed on the Jetson AGX Orin shall be exported in ONNX format at opset 17 with dynamic batch axis; TensorRT engines shall be generated on-device.",Design,Software,1,Inspection,Derived,SR-020,LPAS-SFW-ICD-001
SFW-003,Terrain Classification Latency,"The terrain segmentation pipeline shall produce a classified output image at 10 Hz with end-to-end latency ≤ 100 ms at full 1280×720 input resolution.",Performance,Software,1,Test,Derived,MR-008,LPAS-SFW-ICD-001
SFW-004,Watchdog Timeout,"All safety-critical ROS2 nodes shall publish a heartbeat topic at ≥ 10 Hz; the FDIR supervisor shall declare node failure if no heartbeat is received within 500 ms.",Design,Software,1,Test,Derived,SR-011,LPAS-FMEA-001
SFW-005,Autonomy State Machine,"The autonomy manager shall implement a finite state machine with states: IDLE, TRAVERSE, SCIENCE, SAFE_STOP, EMERGENCY_STOP; all transitions shall be logged with timestamp.",Design,Software,1,Inspection,Derived,SR-009,LPAS-SFW-ICD-001
SFW-006,Nav2 Speed Limit,"The Nav2 navigation stack shall enforce a maximum velocity of 0.5 m/s and maximum acceleration of 0.2 m/s² via the FollowPath action server configuration.",Design,Software,1,Test,Derived,MOB-001,LPAS-SFW-ICD-001
SFW-007,Software Version Control,"All flight software shall be version-controlled in a qualified git repository; each flight build shall be tagged with a unique semantic version and build hash.",Design,Software,1,Inspection,Derived,,LPAS-SFW-ICD-001
SFW-008,Unit Test Coverage,"All safety-critical software modules (FDIR, wheel control, power management) shall achieve ≥ 90% line coverage in automated unit tests.",Performance,Software,2,Inspection,Derived,,LPAS-SFW-ICD-001
SFW-009,Hazard Map Update Rate,"The traversability map shall be updated at ≥ 1 Hz during active traverse using fused LIDAR and stereo camera data.",Performance,Software,1,Test,Derived,MR-008,LPAS-SFW-ICD-001
SFW-010,Power-Aware Path Planning,"The path planner shall incorporate a real-time power budget estimate and shall not plan traverse segments that would deplete battery below 20% state-of-charge without a recharge opportunity.",Functional,Software,1,Demonstration,Derived,SR-005,LPAS-SFW-ICD-001
